,QuestionID,Question,TripleSize,RelationTotal,ResourceTotal,ClassTotal,QuestionLength,Resources,WordCountEntity1,AvgWordCount,Special Character,Explicit E1,Explicit E1 and E2,Capital/Small Letters E1,Capital letter E1 and E2,aylienNERagdistis,tagmeNEDlogs,DBpediaNERAgdistis3252,ambiverseNEDlogs,meaningcloudAgdistis,qanary_logs_DBpediaSpotlightNED,meaningCloudNEDnew,textrazorAgdistis,dandiNERAgdistisFINAL,dandilionNEDlogs,OntotextNEDlogs,babelfyAgdistis3000,ambiverseAgdistis,tagmeAgdistis,EntityClassifier_NER_Agdistis,newBabelfyNEDlogs,stanfordAgdistis,ontotextAgdistis,AmbiverseNED 2.0,AmbiverseStanford 2.0
13,10013.0,which politician is currently ruling over Rishkiesh ?,2.0,1.0,1.0,0.0,7.0,http://dbpedia.org/resource/Rishikesh,1.0,0.0,0.0,True,0.5,True,0.5,0.0,0.0,0.0,0.0,0.0,0.0,0.0,0.0,0.0,0.0,0.0,0.0,0.0,0.0,0.0,0.0,0.0,0.0,0.0,0.0
15,10015.0,"How many tenats have been there, of the constructions of PCL constructures ?",3.0,2.0,1.0,0.0,12.0,http://dbpedia.org/resource/PCL_Construction,2.0,0.0,0.0,False,0.0,False,0.0,0.0,0.0,0.0,0.0,0.0,0.0,0.0,0.0,0.0,0.0,0.0,0.0,0.0,0.0,0.0,0.0,0.0,0.0,0.0,0.0
21,10021.0,How many people have headed organizations headquartered at Niederkirchnerstrae ?,3.0,2.0,1.0,0.0,9.0,http://dbpedia.org/resource/Niederkirchnerstraße,1.0,0.0,0.0,False,0.0,True,0.5,0.0,0.0,0.0,0.0,0.0,0.0,0.0,0.0,0.0,0.0,0.0,0.0,0.0,0.0,0.0,0.0,0.0,0.0,0.0,0.0
50,10050.0,What religions do politicians in the Korean Minjoo Party follow ?,4.0,2.0,1.0,1.0,10.0,http://dbpedia.org/resource/Minjoo_Party_of_Korea,3.0,0.0,0.0,False,0.0,True,0.5,0.0,0.0,0.0,0.0,0.0,0.0,0.0,0.0,0.0,0.0,0.0,0.0,0.0,0.0,0.0,0.0,0.0,0.0,0.0,0.0
54,10054.0,who all have been a manager of english under twenty one football team ?,2.0,0.0,1.0,0.0,13.0,http://dbpedia.org/resource/England_national_under-21_football_team,4.0,0.0,0.0,False,0.0,False,0.0,0.0,0.0,0.0,0.0,0.0,0.0,0.0,0.0,0.0,0.0,0.0,0.0,0.0,0.0,0.0,0.0,0.0,0.0,0.0,0.0
59,10059.0,How many things are crossed over by bridges which can carry cars ?,3.0,0.0,1.0,0.0,12.0,http://dbpedia.org/resource/Motor_vehicle,1.0,0.0,0.0,False,0.0,False,0.0,0.0,0.0,0.0,0.0,0.0,0.0,0.0,0.0,0.0,0.0,0.0,0.0,0.0,0.0,0.0,0.0,0.0,0.0,0.0,0.0
61,10061.0,List all the layouts of the automobile whose one of the layout is four-wheel-drive layout ?,4.0,2.0,1.0,1.0,15.0,"http://dbpedia.org/resource/Front-engine,_four-wheel-drive_layout",2.0,0.0,0.5,False,0.0,False,0.0,0.0,0.0,0.0,0.0,0.0,0.0,0.0,0.0,0.0,0.0,0.0,0.0,0.0,0.0,0.0,0.0,0.0,0.0,0.0,0.0
90,10090.0,Count the wars in which people awarded with the Croix de guerre fought. ?,4.0,0.0,1.0,1.0,13.0,http://dbpedia.org/resource/Croix_de_guerre_1939–1945_(France),3.0,0.0,0.0,False,0.0,False,0.0,0.0,0.0,0.0,0.0,0.0,0.0,0.0,0.0,0.0,0.0,0.0,0.0,0.0,0.0,0.0,0.0,0.0,0.0,0.0,0.0
118,10118.0,Count all the scientologists. ?,2.0,1.0,1.0,0.0,4.0,http://dbpedia.org/resource/Scientology,1.0,0.0,0.0,False,0.0,False,0.0,0.0,0.0,0.0,0.0,0.0,0.0,0.0,0.0,0.0,0.0,0.0,0.0,0.0,0.0,0.0,0.0,0.0,0.0,0.0,0.0
133,10133.0,Which motion picture stories were edited by Ishir Honda ?,3.0,1.0,1.0,1.0,9.0,http://dbpedia.org/resource/Ishirō_Honda,2.0,0.0,0.0,False,0.0,True,0.5,0.0,0.0,0.0,0.0,0.0,0.0,0.0,0.0,0.0,0.0,0.0,0.0,0.0,0.0,0.0,0.0,0.0,0.0,0.0,0.0
137,10137.0,How many people are known for Dragons' Den ?,2.0,1.0,1.0,0.0,8.0,http://dbpedia.org/resource/Dragons'_Den_(UK_TV_series),2.0,0.0,0.0,False,0.0,True,0.5,0.0,0.0,0.0,0.0,0.0,0.0,0.0,0.0,0.0,0.0,0.0,0.0,0.0,0.0,0.0,0.0,0.0,0.0,0.0,0.0
148,10148.0,For which other teams do members of tanzanian national football team play ?,3.0,1.0,1.0,0.0,12.0,http://dbpedia.org/resource/Tanzania_national_football_team,0.0,0.0,0.0,False,0.0,True,0.5,0.0,0.0,0.0,0.0,0.0,0.0,0.0,0.0,0.0,0.0,0.0,0.0,0.0,0.0,0.0,0.0,0.0,0.0,0.0,0.0
151,10151.0,What city is the residence of Cheryl Teigs ?,2.0,1.0,1.0,0.0,8.0,http://dbpedia.org/resource/Cheryl_Tiegs,2.0,0.0,0.0,False,0.0,True,0.5,0.0,0.0,0.0,0.0,0.0,0.0,0.0,0.0,0.0,0.0,0.0,0.0,0.0,0.0,0.0,0.0,0.0,0.0,0.0,0.0
175,10175.0,What are some cars which came before the ones on a GM B base ?,4.0,2.0,1.0,1.0,14.0,http://dbpedia.org/resource/GM_B_platform,2.0,0.0,0.0,False,0.0,True,0.5,0.0,0.0,0.0,0.0,0.0,0.0,0.0,0.0,0.0,0.0,0.0,0.0,0.0,0.0,0.0,0.0,0.0,0.0,0.0,0.0
186,10186.0,how many companies are located in a spanish speaking region ?,4.0,2.0,1.0,1.0,10.0,http://dbpedia.org/resource/Spanish_language,1.0,0.0,0.0,False,0.0,False,0.0,0.0,0.0,0.0,0.0,0.0,0.0,0.0,0.0,0.0,0.0,0.0,0.0,0.0,0.0,0.0,0.0,0.0,0.0,0.0,0.0
193,10193.0,Who coached the marquet golden eagels during 2013 ?,2.0,1.0,1.0,0.0,8.0,http://dbpedia.org/resource/2013–14_Marquette_Golden_Eagles_men's_basketball_team,5.0,0.0,0.5,False,0.0,False,0.0,0.0,0.0,0.0,0.0,0.0,0.0,0.0,0.0,0.0,0.0,0.0,0.0,0.0,0.0,0.0,0.0,0.0,0.0,0.0,0.0
209,10209.0,In how many places have Irishmen died ?,4.0,1.0,1.0,1.0,7.0,http://dbpedia.org/resource/Ireland,1.0,0.0,0.0,False,0.0,True,0.5,0.0,0.0,0.0,0.0,0.0,0.0,0.0,0.0,0.0,0.0,0.0,0.0,0.0,0.0,0.0,0.0,0.0,0.0,0.0,0.0
229,10229.0,Where do current famous NatGeo photographers live ?,4.0,2.0,1.0,1.0,7.0,http://dbpedia.org/resource/National_Geographic_(magazine),1.0,0.0,0.0,False,0.0,True,0.5,0.0,0.0,0.0,0.0,0.0,0.0,0.0,0.0,0.0,0.0,0.0,0.0,0.0,0.0,0.0,0.0,0.0,0.0,0.0,0.0
230,10230.0,How many awards have been given to Italians ?,3.0,0.0,1.0,0.0,8.0,http://dbpedia.org/resource/Italy,1.0,0.0,0.0,False,0.0,True,0.5,0.0,0.0,0.0,0.0,0.0,0.0,0.0,0.0,0.0,0.0,0.0,0.0,0.0,0.0,0.0,0.0,0.0,0.0,0.0,0.0
243,10243.0,Where did Fort Lauderdale Strikers season of 16 take place ?,2.0,1.0,1.0,0.0,10.0,http://dbpedia.org/resource/2016_Fort_Lauderdale_Strikers_season,6.0,0.0,0.5,False,0.0,False,0.0,0.0,0.0,0.0,0.0,0.0,0.0,0.0,0.0,0.0,0.0,0.0,0.0,0.0,0.0,0.0,0.0,0.0,0.0,0.0,0.0
282,10282.0,Whose doctoral student is etienne bieler\xc9tienne_Bi\xe9ler ?,2.0,1.0,0.0,0.0,6.0,http://dbpedia.org/resource/Étienne_Biéler,2.0,0.0,0.0,False,0.0,False,0.0,0.0,0.0,0.0,0.0,0.0,0.0,0.0,0.0,0.0,0.0,0.0,0.0,0.0,0.0,0.0,0.0,0.0,0.0,0.0,0.0
288,10288.0,What are some other great things by the person who produced Queer as Folk ?,4.0,1.0,1.0,1.0,14.0,http://dbpedia.org/resource/Queer_as_Folk_(UK_TV_series),3.0,0.0,0.0,False,0.0,False,0.0,0.0,0.0,0.0,0.0,0.0,0.0,0.0,0.0,0.0,0.0,0.0,0.0,0.0,0.0,0.0,0.0,0.0,0.0,0.0,0.0
300,10300.0,How many ?,2.0,0.0,1.0,0.0,2.0,http://dbpedia.org/resource/Chicago_Bulls,0.0,0.0,0.0,False,0.0,True,0.5,0.0,0.0,0.0,0.0,0.0,0.0,0.0,0.0,0.0,0.0,0.0,0.0,0.0,0.0,0.0,0.0,0.0,0.0,0.0,0.0
324,10324.0,Who was the bronze medalist of Swimming at the 2008 Summer Olympics  Men's 400 metre individual medley ?,2.0,1.0,1.0,0.0,17.0,http://dbpedia.org/resource/Swimming_at_the_2008_Summer_Olympics_–_Men's_400_metre_individual_medley,5.0,0.0,0.0,False,0.0,False,0.0,0.0,0.0,0.0,0.0,0.0,0.0,0.0,0.0,0.0,0.0,0.0,0.0,0.0,0.0,0.0,0.0,0.0,0.0,0.0,0.0
339,10339.0,Who wrote the frost king ?,2.0,1.0,1.0,0.0,5.0,http://dbpedia.org/resource/The_Frost_King,3.0,0.0,0.0,True,0.5,False,0.0,0.0,0.0,0.0,0.0,0.0,0.0,0.0,0.0,0.0,0.0,0.0,0.0,0.0,0.0,0.0,0.0,0.0,0.0,0.0,0.0
343,10343.0,In how many regions is English American spoken ?,2.0,0.0,1.0,0.0,8.0,http://dbpedia.org/resource/English_Americans,2.0,0.0,0.0,False,0.0,True,0.5,0.0,0.0,0.0,0.0,0.0,0.0,0.0,0.0,0.0,0.0,0.0,0.0,0.0,0.0,0.0,0.0,0.0,0.0,0.0,0.0
357,10357.0,How many shows are made by the channel whose predecessor was the Comedy Channel ?,4.0,1.0,1.0,1.0,14.0,http://dbpedia.org/resource/The_Comedy_Channel_(United_States),3.0,0.0,0.0,False,0.0,False,0.0,0.0,0.0,0.0,0.0,0.0,0.0,0.0,0.0,0.0,0.0,0.0,0.0,0.0,0.0,0.0,0.0,0.0,0.0,0.0,0.0
362,10362.0,Who wrote The Times They Are a-Changin ?,2.0,1.0,1.0,0.0,7.0,http://dbpedia.org/resource/The_Times_They_Are_a-Changin'_(musical),5.0,0.0,0.5,False,0.0,False,0.0,0.0,0.0,0.0,0.0,0.0,0.0,0.0,0.0,0.0,0.0,0.0,0.0,0.0,0.0,0.0,0.0,0.0,0.0,0.0,0.0
380,10380.0,Who has written the mary poppins musical ?,2.0,1.0,1.0,0.0,7.0,http://dbpedia.org/resource/Mary_Poppins_(musical),2.0,0.0,0.0,False,0.0,False,0.0,0.0,0.0,0.0,0.0,0.0,0.0,0.0,0.0,0.0,0.0,0.0,0.0,0.0,0.0,0.0,0.0,0.0,0.0,0.0,0.0
393,10393.0,What are some movies written by British writers ?,4.0,2.0,1.0,1.0,8.0,http://dbpedia.org/resource/British_people,1.0,0.0,0.0,False,0.0,True,0.5,0.0,0.0,0.0,0.0,0.0,0.0,0.0,0.0,0.0,0.0,0.0,0.0,0.0,0.0,0.0,0.0,0.0,0.0,0.0,0.0
402,10402.0,Who is the spouse of Willian Menalaus ?,2.0,1.0,1.0,0.0,7.0,http://dbpedia.org/resource/William_Menelaus,2.0,0.0,0.0,False,0.0,True,0.5,0.0,0.0,0.0,0.0,0.0,0.0,0.0,0.0,0.0,0.0,0.0,0.0,0.0,0.0,0.0,0.0,0.0,0.0,0.0,0.0
411,10411.0,What is the home ground of the clubs managed by Ciao Zanardi ?,4.0,2.0,1.0,1.0,12.0,http://dbpedia.org/resource/Caio_Zanardi,2.0,0.0,0.0,False,0.0,True,0.5,0.0,0.0,0.0,0.0,0.0,0.0,0.0,0.0,0.0,0.0,0.0,0.0,0.0,0.0,0.0,0.0,0.0,0.0,0.0,0.0
412,10412.0,Which people are known for appearing on the television show Dragon's Den ?,3.0,1.0,1.0,1.0,12.0,http://dbpedia.org/resource/Dragons'_Den_(UK_TV_series),4.0,0.0,0.0,False,0.0,False,0.0,0.0,0.0,0.0,0.0,0.0,0.0,0.0,0.0,0.0,0.0,0.0,0.0,0.0,0.0,0.0,0.0,0.0,0.0,0.0,0.0
440,10440.0,"What is the number of occupation of the people who died in tampa bay, florida ?",3.0,2.0,1.0,0.0,15.0,"http://dbpedia.org/resource/Tampa,_Florida",2.0,0.0,0.0,False,0.0,False,0.0,0.0,0.0,0.0,0.0,0.0,0.0,0.0,0.0,0.0,0.0,0.0,0.0,0.0,0.0,0.0,0.0,0.0,0.0,0.0,0.0
450,10450.0,List the former partner of the figure skaters whose former choreographer was Igor Shpillband. ?,4.0,2.0,1.0,1.0,14.0,http://dbpedia.org/resource/Igor_Shpillband,2.0,0.0,0.0,True,0.5,True,0.5,0.0,0.0,0.0,0.0,0.0,0.0,0.0,0.0,0.0,0.0,0.0,0.0,0.0,0.0,0.0,0.0,0.0,0.0,0.0,0.0
460,10460.0,Count the number of offices held by people who have their allegiances with the american civil war union ?,3.0,0.0,1.0,0.0,18.0,http://dbpedia.org/resource/Union_(American_Civil_War),1.0,0.0,0.0,False,0.0,False,0.0,0.0,0.0,0.0,0.0,0.0,0.0,0.0,0.0,0.0,0.0,0.0,0.0,0.0,0.0,0.0,0.0,0.0,0.0,0.0,0.0
476,10476.0,What are some apes ?,2.0,1.0,1.0,0.0,4.0,http://dbpedia.org/resource/Ape,1.0,0.0,0.0,True,0.5,False,0.0,0.0,0.0,0.0,0.0,0.0,0.0,0.0,0.0,0.0,0.0,0.0,0.0,0.0,0.0,0.0,0.0,0.0,0.0,0.0,0.0
477,10477.0,What is the alma mater of the scientist who is known for Rational analysis ?,4.0,2.0,1.0,1.0,14.0,http://dbpedia.org/resource/Rational_analysis,2.0,0.0,0.0,True,0.5,False,0.0,0.0,0.0,0.0,0.0,0.0,0.0,0.0,0.0,0.0,0.0,0.0,0.0,0.0,0.0,0.0,0.0,0.0,0.0,0.0,0.0
490,10490.0,In how many countries does the Zurich Affoltern am Albis Zug line go ?,4.0,1.0,1.0,1.0,13.0,http://dbpedia.org/resource/Zürich–Affoltern_am_Albis–Zug_railway_line,2.0,0.0,0.0,False,0.0,False,0.0,0.0,0.0,0.0,0.0,0.0,0.0,0.0,0.0,0.0,0.0,0.0,0.0,0.0,0.0,0.0,0.0,0.0,0.0,0.0,0.0
499,10499.0,Who directed the haunted house and alice in wonderland ?,4.0,2.0,2.0,0.0,9.0,"http://dbpedia.org/resource/Alice's_Wonderland,http://dbpedia.org/resource/The_Haunted_House_(1929_film)",0.0,2.5,0.0,False,0.0,False,0.0,0.0,0.0,0.0,0.0,0.0,0.0,0.0,0.0,0.0,0.0,0.0,0.0,0.0,0.0,0.0,0.0,0.0,0.0,0.0,0.0
505,10505.0,In how many places can I find tombs of people who fought in the Norwalk Trainband ?,3.0,1.0,1.0,0.0,16.0,http://dbpedia.org/resource/Norwalk_Trainband,2.0,0.0,0.0,True,0.5,True,0.5,0.0,0.0,0.0,0.0,0.0,0.0,0.0,0.0,0.0,0.0,0.0,0.0,0.0,0.0,0.0,0.0,0.0,0.0,0.0,0.0
506,10506.0,Which movies' composers have won a BAFTA for film music ?,4.0,2.0,1.0,1.0,10.0,http://dbpedia.org/resource/BAFTA_Award_for_Best_Film_Music,4.0,0.0,0.0,False,0.0,False,0.0,0.0,0.0,0.0,0.0,0.0,0.0,0.0,0.0,0.0,0.0,0.0,0.0,0.0,0.0,0.0,0.0,0.0,0.0,0.0,0.0
533,10533.0,what are some common surnames of female people ?,2.0,0.0,1.0,0.0,8.0,http://dbpedia.org/resource/Female,1.0,0.0,0.0,True,0.5,False,0.0,0.0,0.0,0.0,0.0,0.0,0.0,0.0,0.0,0.0,0.0,0.0,0.0,0.0,0.0,0.0,0.0,0.0,0.0,0.0,0.0
542,10542.0,Which wine region of Bogdanua is the Croatian Inline hockey team part of ?,4.0,2.0,2.0,0.0,13.0,"http://dbpedia.org/resource/Bogdanuša,http://dbpedia.org/resource/Croatian_Inline_Hockey_League",0.0,2.0,0.0,False,0.0,True,0.5,0.0,0.0,0.0,0.0,0.0,0.0,0.0,0.0,0.0,0.0,0.0,0.0,0.0,0.0,0.0,0.0,0.0,0.0,0.0,0.0
544,10544.0,Count the number of religions followed by Janta Dal members. ?,3.0,1.0,1.0,0.0,10.0,http://dbpedia.org/resource/Janata_Dal,2.0,0.0,0.0,False,0.0,True,0.5,0.0,0.0,0.0,0.0,0.0,0.0,0.0,0.0,0.0,0.0,0.0,0.0,0.0,0.0,0.0,0.0,0.0,0.0,0.0,0.0
558,10558.0,From how many different places have people gone to the Harward Medical School ?,3.0,2.0,1.0,0.0,13.0,http://dbpedia.org/resource/Harvard_Medical_School,3.0,0.0,0.0,False,0.0,True,0.5,0.0,0.0,0.0,0.0,0.0,0.0,0.0,0.0,0.0,0.0,0.0,0.0,0.0,0.0,0.0,0.0,0.0,0.0,0.0,0.0
566,10566.0,Name the source Island of Bayou ?,2.0,1.0,1.0,0.0,6.0,http://dbpedia.org/resource/Island_Bayou_(Oklahoma),2.0,0.0,0.0,False,0.0,False,0.0,0.0,0.0,0.0,0.0,0.0,0.0,0.0,0.0,0.0,0.0,0.0,0.0,0.0,0.0,0.0,0.0,0.0,0.0,0.0,0.0
591,10591.0,What are the shows whose creator has worked as a screenwriter ?,4.0,2.0,1.0,1.0,11.0,http://dbpedia.org/resource/Screenwriting,1.0,0.0,0.0,False,0.0,False,0.0,0.0,0.0,0.0,0.0,0.0,0.0,0.0,0.0,0.0,0.0,0.0,0.0,0.0,0.0,0.0,0.0,0.0,0.0,0.0,0.0
611,10611.0,How many sitcoms are there whose theme music is composed by a New Yorker ?,4.0,1.0,1.0,1.0,14.0,http://dbpedia.org/resource/New_York,2.0,0.0,0.0,True,0.5,True,0.5,0.0,0.0,0.0,0.0,0.0,0.0,0.0,0.0,0.0,0.0,0.0,0.0,0.0,0.0,0.0,0.0,0.0,0.0,0.0,0.0
646,10646.0,Who were the producers of the tenderfoot ?,2.0,1.0,1.0,0.0,7.0,http://dbpedia.org/resource/The_Tenderfoot_(miniseries),2.0,0.0,0.0,False,0.0,False,0.0,0.0,0.0,0.0,0.0,0.0,0.0,0.0,0.0,0.0,0.0,0.0,0.0,0.0,0.0,0.0,0.0,0.0,0.0,0.0,0.0
651,10651.0,Under which president did the predecessor of Simon Ferro work ?,3.0,2.0,1.0,0.0,10.0,http://dbpedia.org/resource/Simon_Ferro,2.0,0.0,0.0,True,0.5,True,0.5,0.0,0.0,0.0,0.0,0.0,0.0,0.0,0.0,0.0,0.0,0.0,0.0,0.0,0.0,0.0,0.0,0.0,0.0,0.0,0.0
672,10672.0,How many artists' works are in Muse d'Orsay ?,4.0,0.0,1.0,1.0,8.0,http://dbpedia.org/resource/Musée_d'Orsay,1.0,0.0,0.0,False,0.0,False,0.0,0.0,0.0,0.0,0.0,0.0,0.0,0.0,0.0,0.0,0.0,0.0,0.0,0.0,0.0,0.0,0.0,0.0,0.0,0.0,0.0
677,10677.0,What are some given names for males ?,2.0,1.0,1.0,0.0,7.0,http://dbpedia.org/resource/Male,1.0,0.0,0.0,True,0.5,False,0.0,0.0,0.0,0.0,0.0,0.0,0.0,0.0,0.0,0.0,0.0,0.0,0.0,0.0,0.0,0.0,0.0,0.0,0.0,0.0,0.0
681,10681.0,Chestnut colored horses have won which races ?,4.0,2.0,1.0,1.0,7.0,http://dbpedia.org/resource/Chestnut_(coat),1.0,0.0,0.0,False,0.0,True,0.5,0.0,0.0,0.0,0.0,0.0,0.0,0.0,0.0,0.0,0.0,0.0,0.0,0.0,0.0,0.0,0.0,0.0,0.0,0.0,0.0
713,10713.0,Name all the venues of the convention which has also been hosted in San Diego Convention ?,3.0,0.0,1.0,0.0,16.0,http://dbpedia.org/resource/San_Diego_Convention_Center,3.0,0.0,0.0,False,0.0,True,0.5,0.0,0.0,0.0,0.0,0.0,0.0,0.0,0.0,0.0,0.0,0.0,0.0,0.0,0.0,0.0,0.0,0.0,0.0,0.0,0.0
719,10719.0,In how many different places can I fnd Modern Architectural buildings ?,3.0,0.0,1.0,0.0,11.0,http://dbpedia.org/resource/Modern_architecture,2.0,0.0,0.0,False,0.0,True,0.5,0.0,0.0,0.0,0.0,0.0,0.0,0.0,0.0,0.0,0.0,0.0,0.0,0.0,0.0,0.0,0.0,0.0,0.0,0.0,0.0
723,10723.0,"Where did the president study, whose VP was Emilio Nez ?",3.0,2.0,1.0,0.0,10.0,http://dbpedia.org/resource/Emilio_Núñez,2.0,0.0,0.0,False,0.0,True,0.5,0.0,0.0,0.0,0.0,0.0,0.0,0.0,0.0,0.0,0.0,0.0,0.0,0.0,0.0,0.0,0.0,0.0,0.0,0.0,0.0
725,10725.0,Which military commander fought his battle at Fort Gadsen ?,3.0,1.0,1.0,1.0,9.0,http://dbpedia.org/resource/Fort_Gadsden,2.0,0.0,0.0,False,0.0,True,0.5,0.0,0.0,0.0,0.0,0.0,0.0,0.0,0.0,0.0,0.0,0.0,0.0,0.0,0.0,0.0,0.0,0.0,0.0,0.0,0.0
776,10776.0,"For how many movies have the music composer composed music, who have collaborated with Yes ?",4.0,2.0,1.0,1.0,15.0,http://dbpedia.org/resource/Yes_(band),1.0,0.0,0.0,False,0.0,True,0.5,0.0,0.0,0.0,0.0,0.0,0.0,0.0,0.0,0.0,0.0,0.0,0.0,0.0,0.0,0.0,0.0,0.0,0.0,0.0,0.0
800,10800.0,List all binomial authority of the insects whose one of the  binomial authority is douard Mntries ?,3.0,2.0,0.0,0.0,16.0,http://dbpedia.org/resource/Édouard_Ménétries,2.0,0.0,0.0,False,0.0,False,0.0,0.0,0.0,0.0,0.0,0.0,0.0,0.0,0.0,0.0,0.0,0.0,0.0,0.0,0.0,0.0,0.0,0.0,0.0,0.0,0.0
807,10807.0,How many religions are followed amongst the people who've worked in the Korean army ?,3.0,2.0,1.0,0.0,14.0,http://dbpedia.org/resource/Republic_of_Korea_Army,1.0,0.0,0.0,False,0.0,True,0.5,0.0,0.0,0.0,0.0,0.0,0.0,0.0,0.0,0.0,0.0,0.0,0.0,0.0,0.0,0.0,0.0,0.0,0.0,0.0,0.0
815,10815.0,What is the television show whose channel's parent organisation is Fox Sports ?,4.0,2.0,1.0,1.0,12.0,http://dbpedia.org/resource/Fox_Sports_(United_States),2.0,0.0,0.0,False,0.0,True,0.5,0.0,0.0,0.0,0.0,0.0,0.0,0.0,0.0,0.0,0.0,0.0,0.0,0.0,0.0,0.0,0.0,0.0,0.0,0.0,0.0
864,10864.0,How many people have worked in the band one of whose current member is Hynief ?,4.0,1.0,1.0,1.0,15.0,http://dbpedia.org/resource/Hynief,1.0,0.0,0.0,True,0.5,True,0.5,0.0,0.0,0.0,0.0,0.0,0.0,0.0,0.0,0.0,0.0,0.0,0.0,0.0,0.0,0.0,0.0,0.0,0.0,0.0,0.0
907,10907.0,Which movies' music is composed by people associated with the band Yes ?,4.0,2.0,1.0,1.0,12.0,http://dbpedia.org/resource/Yes_(band),1.0,0.0,0.0,False,0.0,True,0.5,0.0,0.0,0.0,0.0,0.0,0.0,0.0,0.0,0.0,0.0,0.0,0.0,0.0,0.0,0.0,0.0,0.0,0.0,0.0,0.0
909,10909.0,What famous work is derived from the one whose lyrics are written by Inma Gonzales ?,3.0,2.0,1.0,0.0,15.0,http://dbpedia.org/resource/Inma_González,0.0,0.0,0.0,False,0.0,True,0.5,0.0,0.0,0.0,0.0,0.0,0.0,0.0,0.0,0.0,0.0,0.0,0.0,0.0,0.0,0.0,0.0,0.0,0.0,0.0,0.0
949,10949.0,"What all are in the states whose anthem is Ja, vi esker dette landet ?",3.0,2.0,1.0,0.0,14.0,"http://dbpedia.org/resource/Ja,_vi_elsker_dette_landet",1.0,0.0,0.0,False,0.0,False,0.0,0.0,0.0,0.0,0.0,0.0,0.0,0.0,0.0,0.0,0.0,0.0,0.0,0.0,0.0,0.0,0.0,0.0,0.0,0.0,0.0
951,10951.0,Who owns the ford kansas assembly plant ?,2.0,1.0,1.0,0.0,7.0,http://dbpedia.org/resource/Ford_Kansas_City_Assembly_Plant,4.0,0.0,0.0,False,0.0,False,0.0,0.0,0.0,0.0,0.0,0.0,0.0,0.0,0.0,0.0,0.0,0.0,0.0,0.0,0.0,0.0,0.0,0.0,0.0,0.0,0.0
955,10955.0,Name the source of Raa ?,2.0,1.0,1.0,0.0,5.0,http://dbpedia.org/resource/Raša_(river),0.0,0.0,0.0,False,0.0,True,0.5,0.0,0.0,0.0,0.0,0.0,0.0,0.0,0.0,0.0,0.0,0.0,0.0,0.0,0.0,0.0,0.0,0.0,0.0,0.0,0.0
1022,11022.0,Where Everybody knows you is the theme album of which show ?,2.0,1.0,1.0,0.0,11.0,http://dbpedia.org/resource/Where_Everybody_Knows_Your_Name,3.0,0.0,0.0,False,0.0,False,0.0,0.0,0.0,0.0,0.0,0.0,0.0,0.0,0.0,0.0,0.0,0.0,0.0,0.0,0.0,0.0,0.0,0.0,0.0,0.0,0.0
1033,11033.0,Give me a count of the services by the company which provides Data center as the services ?,3.0,0.0,1.0,0.0,17.0,http://dbpedia.org/resource/Data_center_services,2.0,0.0,0.0,False,0.0,False,0.0,0.0,0.0,0.0,0.0,0.0,0.0,0.0,0.0,0.0,0.0,0.0,0.0,0.0,0.0,0.0,0.0,0.0,0.0,0.0,0.0
1075,11075.0,Where has GARAGE recorded its singles ?,4.0,2.0,1.0,1.0,6.0,http://dbpedia.org/resource/Garbage_(band),0.0,0.0,0.0,False,0.0,True,0.5,0.0,0.0,0.0,0.0,0.0,0.0,0.0,0.0,0.0,0.0,0.0,0.0,0.0,0.0,0.0,0.0,0.0,0.0,0.0,0.0
1096,11096.0,Count the number of broadcast area of the TV stations which serves in Agalga ?,3.0,1.0,1.0,0.0,14.0,http://dbpedia.org/resource/Agaléga,1.0,0.0,0.0,False,0.0,True,0.5,0.0,0.0,0.0,0.0,0.0,0.0,0.0,0.0,0.0,0.0,0.0,0.0,0.0,0.0,0.0,0.0,0.0,0.0,0.0,0.0
1126,11126.0,What awards were given to the producer of Chicken Little ?,3.0,2.0,1.0,0.0,10.0,http://dbpedia.org/resource/Chicken_Little_(1943_film),2.0,0.0,0.0,False,0.0,True,0.5,0.0,0.0,0.0,0.0,0.0,0.0,0.0,0.0,0.0,0.0,0.0,0.0,0.0,0.0,0.0,0.0,0.0,0.0,0.0,0.0
1155,11155.0,How many shows belong to the network one of whose sister station is Cartoonite ?,4.0,1.0,1.0,1.0,14.0,http://dbpedia.org/resource/Cartoonito,1.0,0.0,0.0,False,0.0,True,0.5,0.0,0.0,0.0,0.0,0.0,0.0,0.0,0.0,0.0,0.0,0.0,0.0,0.0,0.0,0.0,0.0,0.0,0.0,0.0,0.0
1186,11186.0,Give me a count of everything made by the company which offers electronical manufacturing too. ?,3.0,2.0,1.0,0.0,15.0,http://dbpedia.org/resource/Electronics_manufacturing_services,1.0,0.0,0.0,False,0.0,False,0.0,0.0,0.0,0.0,0.0,0.0,0.0,0.0,0.0,0.0,0.0,0.0,0.0,0.0,0.0,0.0,0.0,0.0,0.0,0.0,0.0
1226,11226.0,What are the famous Uni Toronto scientists known for ?,4.0,2.0,1.0,1.0,9.0,http://dbpedia.org/resource/University_of_Toronto,2.0,0.0,0.0,False,0.0,True,0.5,0.0,0.0,0.0,0.0,0.0,0.0,0.0,0.0,0.0,0.0,0.0,0.0,0.0,0.0,0.0,0.0,0.0,0.0,0.0,0.0
1240,11240.0,In how many different stadiums are the seasons of the 2015 NA Soccer league held ?,4.0,2.0,1.0,1.0,15.0,http://dbpedia.org/resource/2015_North_American_Soccer_League_season,2.0,0.0,0.0,False,0.0,False,0.0,0.0,0.0,0.0,0.0,0.0,0.0,0.0,0.0,0.0,0.0,0.0,0.0,0.0,0.0,0.0,0.0,0.0,0.0,0.0,0.0
1264,11264.0,What is the television show whose previous work is The Spirit of Christmas (short film) ?,3.0,1.0,1.0,1.0,15.0,http://dbpedia.org/resource/The_Spirit_of_Christmas_(short_film),6.0,0.0,0.5,True,0.5,False,0.0,0.0,0.0,0.0,0.0,0.0,0.0,0.0,0.0,0.0,0.0,0.0,0.0,0.0,0.0,0.0,0.0,0.0,0.0,0.0,0.0
1278,11278.0,Which minister was responsible for Kriminalpolizie ?,2.0,1.0,1.0,0.0,6.0,http://dbpedia.org/resource/Kriminalpolizei,1.0,0.0,0.0,False,0.0,True,0.5,0.0,0.0,0.0,0.0,0.0,0.0,0.0,0.0,0.0,0.0,0.0,0.0,0.0,0.0,0.0,0.0,0.0,0.0,0.0,0.0
1300,11300.0,Which party won both the general electoin and the andhra pradesh election in 2004 ?,4.0,2.0,2.0,0.0,14.0,"http://dbpedia.org/resource/Indian_general_election,_2004_(Delhi),http://dbpedia.org/resource/Indian_general_election,_2004_(Andhra_Pradesh)",0.0,2.5,0.0,False,0.0,False,0.0,0.0,0.0,0.0,0.0,0.0,0.0,0.0,0.0,0.0,0.0,0.0,0.0,0.0,0.0,0.0,0.0,0.0,0.0,0.0,0.0
1301,11301.0,How many games are released for virtual consoles ?,3.0,1.0,1.0,1.0,8.0,http://dbpedia.org/resource/Virtual_Console,2.0,0.0,0.0,True,0.5,False,0.0,0.0,0.0,0.0,0.0,0.0,0.0,0.0,0.0,0.0,0.0,0.0,0.0,0.0,0.0,0.0,0.0,0.0,0.0,0.0,0.0
1309,11309.0,Count the different religions practiced by people who are in the Malaysian and Chinese association. ?,3.0,2.0,1.0,0.0,15.0,http://dbpedia.org/resource/Malaysian_Chinese_Association,0.0,0.0,0.0,False,0.0,True,0.5,0.0,0.0,0.0,0.0,0.0,0.0,0.0,0.0,0.0,0.0,0.0,0.0,0.0,0.0,0.0,0.0,0.0,0.0,0.0,0.0
1347,11347.0,With which musical artist is the music group which sung Mind Blowin' related to ?,3.0,2.0,1.0,0.0,14.0,http://dbpedia.org/resource/Mind_Blowin'_(Smooth_song),2.0,0.0,0.0,False,0.0,True,0.5,0.0,0.0,0.0,0.0,0.0,0.0,0.0,0.0,0.0,0.0,0.0,0.0,0.0,0.0,0.0,0.0,0.0,0.0,0.0,0.0
1368,11368.0,What are the awards won by the producer of Puss in Boots (film) ?,3.0,2.0,1.0,0.0,13.0,http://dbpedia.org/resource/Puss_in_Boots_(1922_film),3.0,0.0,0.0,False,0.0,False,0.0,0.0,0.0,0.0,0.0,0.0,0.0,0.0,0.0,0.0,0.0,0.0,0.0,0.0,0.0,0.0,0.0,0.0,0.0,0.0,0.0
1381,11381.0,From how many different places have participants of Breeders's Cup Turf come ?,3.0,0.0,1.0,0.0,12.0,http://dbpedia.org/resource/Breeders'_Cup_Turf,2.0,0.0,0.0,False,0.0,True,0.5,0.0,0.0,0.0,0.0,0.0,0.0,0.0,0.0,0.0,0.0,0.0,0.0,0.0,0.0,0.0,0.0,0.0,0.0,0.0,0.0
1387,11387.0,Who wrote the subsequent work of One Day at a Time (Em's Version) ?,3.0,2.0,1.0,0.0,13.0,http://dbpedia.org/resource/One_Day_at_a_Time_(Em's_Version),7.0,0.0,0.5,True,0.5,False,0.0,0.0,0.0,0.0,0.0,0.0,0.0,0.0,0.0,0.0,0.0,0.0,0.0,0.0,0.0,0.0,0.0,0.0,0.0,0.0,0.0
1394,11394.0,How many companies have launched their rockets from the Vandenerg Air base ?,4.0,2.0,1.0,1.0,12.0,http://dbpedia.org/resource/Vandenberg_Air_Force_Base,2.0,0.0,0.0,False,0.0,True,0.5,0.0,0.0,0.0,0.0,0.0,0.0,0.0,0.0,0.0,0.0,0.0,0.0,0.0,0.0,0.0,0.0,0.0,0.0,0.0,0.0
1410,11410.0,what cities are close by LoDaisKa ?,2.0,1.0,1.0,0.0,6.0,http://dbpedia.org/resource/LoDaisKa_Site,1.0,0.0,0.0,False,0.0,False,0.0,0.0,0.0,0.0,0.0,0.0,0.0,0.0,0.0,0.0,0.0,0.0,0.0,0.0,0.0,0.0,0.0,0.0,0.0,0.0,0.0
1426,11426.0,How many nations' volleyball players have played for the Russian women volleyball team ?,4.0,0.0,1.0,1.0,13.0,http://dbpedia.org/resource/Russia_women's_national_volleyball_team,1.0,0.0,0.0,False,0.0,True,0.5,0.0,0.0,0.0,0.0,0.0,0.0,0.0,0.0,0.0,0.0,0.0,0.0,0.0,0.0,0.0,0.0,0.0,0.0,0.0,0.0
1430,11430.0,In how many teams have people previously played who play as defencemen ?,4.0,1.0,1.0,1.0,12.0,http://dbpedia.org/resource/Defenceman,1.0,0.0,0.0,False,0.0,False,0.0,0.0,0.0,0.0,0.0,0.0,0.0,0.0,0.0,0.0,0.0,0.0,0.0,0.0,0.0,0.0,0.0,0.0,0.0,0.0,0.0
1434,11434.0,who owns the ship Victoria ?,2.0,1.0,1.0,0.0,5.0,http://dbpedia.org/resource/Victoria_(ship),1.0,0.0,0.0,False,0.0,True,0.5,0.0,0.0,0.0,0.0,0.0,0.0,0.0,0.0,0.0,0.0,0.0,0.0,0.0,0.0,0.0,0.0,0.0,0.0,0.0,0.0
1451,11451.0,"What is the musical whose music is by Jose Luis Narom,  based upon ?",4.0,2.0,1.0,1.0,13.0,http://dbpedia.org/resource/José_Luis_Narom,3.0,0.0,0.0,False,0.0,True,0.5,0.0,0.0,0.0,0.0,0.0,0.0,0.0,0.0,0.0,0.0,0.0,0.0,0.0,0.0,0.0,0.0,0.0,0.0,0.0,0.0
1463,11463.0,The Other Side has hosted how many guests ?,2.0,0.0,1.0,0.0,8.0,http://dbpedia.org/resource/The_Other_Side_(The_Outer_Limits),3.0,0.0,0.0,False,0.0,True,0.5,0.0,0.0,0.0,0.0,0.0,0.0,0.0,0.0,0.0,0.0,0.0,0.0,0.0,0.0,0.0,0.0,0.0,0.0,0.0,0.0
1496,11496.0,For how many things are americans famous for ?,3.0,1.0,1.0,0.0,8.0,http://dbpedia.org/resource/United_States,0.0,0.0,0.0,False,0.0,True,0.5,0.0,0.0,0.0,0.0,0.0,0.0,0.0,0.0,0.0,0.0,0.0,0.0,0.0,0.0,0.0,0.0,0.0,0.0,0.0,0.0
1499,11499.0,where did soccer bowl take place in 76 ?,2.0,1.0,1.0,0.0,8.0,http://dbpedia.org/resource/Soccer_Bowl_'76,2.0,0.0,0.0,False,0.0,False,0.0,0.0,0.0,0.0,0.0,0.0,0.0,0.0,0.0,0.0,0.0,0.0,0.0,0.0,0.0,0.0,0.0,0.0,0.0,0.0,0.0
1524,11524.0,Count all the Colonels ?,2.0,0.0,1.0,0.0,4.0,http://dbpedia.org/resource/Colonel_(United_States),1.0,0.0,0.0,False,0.0,True,0.5,0.0,0.0,0.0,0.0,0.0,0.0,0.0,0.0,0.0,0.0,0.0,0.0,0.0,0.0,0.0,0.0,0.0,0.0,0.0,0.0
1533,11533.0,Give me the count of artist in the company whose Artist is Jean- Fran��ois Cot�� ?,3.0,0.0,1.0,0.0,15.0,http://dbpedia.org/resource/Jean-François_Coté,4.0,0.0,0.5,False,0.0,True,0.5,0.0,0.0,0.0,0.0,0.0,0.0,0.0,0.0,0.0,0.0,0.0,0.0,0.0,0.0,0.0,0.0,0.0,0.0,0.0,0.0
1567,11567.0,"Through which states does the road go, which has a junction on Keningston Maryland ?",4.0,2.0,1.0,1.0,14.0,"http://dbpedia.org/resource/Kensington,_Maryland",2.0,0.0,0.0,False,0.0,True,0.5,0.0,0.0,0.0,0.0,0.0,0.0,0.0,0.0,0.0,0.0,0.0,0.0,0.0,0.0,0.0,0.0,0.0,0.0,0.0,0.0
1572,11572.0,Count all the universities who participated in the tournament won by Alabama Crimson Tides in 2015 ?,4.0,0.0,1.0,1.0,16.0,http://dbpedia.org/resource/2015_Alabama_Crimson_Tide_football_team,2.0,0.0,0.0,False,0.0,False,0.0,0.0,0.0,0.0,0.0,0.0,0.0,0.0,0.0,0.0,0.0,0.0,0.0,0.0,0.0,0.0,0.0,0.0,0.0,0.0,0.0
1581,11581.0,Where did Marvo originate ?,2.0,1.0,1.0,0.0,4.0,http://dbpedia.org/resource/Mavro,1.0,0.0,0.0,False,0.0,True,0.5,0.0,0.0,0.0,0.0,0.0,0.0,0.0,0.0,0.0,0.0,0.0,0.0,0.0,0.0,0.0,0.0,0.0,0.0,0.0,0.0
1594,11594.0,Name the wine regions of Bogdanua ?,2.0,1.0,1.0,0.0,6.0,http://dbpedia.org/resource/Bogdanuša,1.0,0.0,0.0,False,0.0,True,0.5,0.0,0.0,0.0,0.0,0.0,0.0,0.0,0.0,0.0,0.0,0.0,0.0,0.0,0.0,0.0,0.0,0.0,0.0,0.0,0.0
1601,11601.0,How many important works have been done by Russel Davies ?,2.0,1.0,1.0,0.0,10.0,http://dbpedia.org/resource/Russell_T_Davies,2.0,0.0,0.0,False,0.0,True,0.5,0.0,0.0,0.0,0.0,0.0,0.0,0.0,0.0,0.0,0.0,0.0,0.0,0.0,0.0,0.0,0.0,0.0,0.0,0.0,0.0
1605,11605.0,What did Steven T Mason's father die from ?,3.0,2.0,1.0,0.0,8.0,http://dbpedia.org/resource/Stevens_T._Mason,3.0,0.0,0.0,False,0.0,True,0.5,0.0,0.0,0.0,0.0,0.0,0.0,0.0,0.0,0.0,0.0,0.0,0.0,0.0,0.0,0.0,0.0,0.0,0.0,0.0,0.0
1610,11610.0,How many different genres led to other genres where drums are important ?,4.0,1.0,1.0,1.0,12.0,http://dbpedia.org/resource/Drum_kit,0.0,0.0,0.0,False,0.0,True,0.5,0.0,0.0,0.0,0.0,0.0,0.0,0.0,0.0,0.0,0.0,0.0,0.0,0.0,0.0,0.0,0.0,0.0,0.0,0.0,0.0
1616,11616.0,Which tv series have a score composed by judy hard angelo ?,3.0,1.0,1.0,1.0,11.0,http://dbpedia.org/resource/Judy_Hart_Angelo,1.0,0.0,0.0,False,0.0,False,0.0,0.0,0.0,0.0,0.0,0.0,0.0,0.0,0.0,0.0,0.0,0.0,0.0,0.0,0.0,0.0,0.0,0.0,0.0,0.0,0.0
1631,11631.0,Give me an estimate number of races where horses grandsired by the Wild Risk have raced in ?,4.0,1.0,1.0,1.0,17.0,http://dbpedia.org/resource/Wild_Risk,2.0,0.0,0.0,True,0.5,True,0.5,0.0,0.0,0.0,0.0,0.0,0.0,0.0,0.0,0.0,0.0,0.0,0.0,0.0,0.0,0.0,0.0,0.0,0.0,0.0,0.0
1646,11646.0,How many teams have used the stadiums which have been rented by the Canadian Hockey team ?,3.0,1.0,1.0,0.0,16.0,http://dbpedia.org/resource/Hockey_Canada,1.0,0.0,0.0,False,0.0,True,0.5,0.0,0.0,0.0,0.0,0.0,0.0,0.0,0.0,0.0,0.0,0.0,0.0,0.0,0.0,0.0,0.0,0.0,0.0,0.0,0.0
1647,11647.0,How many TV shows are similar to the ones belonging to fantasy genre ?,4.0,2.0,1.0,1.0,13.0,http://dbpedia.org/resource/Fantasy_television,1.0,0.0,0.0,False,0.0,False,0.0,0.0,0.0,0.0,0.0,0.0,0.0,0.0,0.0,0.0,0.0,0.0,0.0,0.0,0.0,0.0,0.0,0.0,0.0,0.0,0.0
1649,11649.0,What religions are followed by economists ?,3.0,2.0,1.0,0.0,6.0,http://dbpedia.org/resource/Economist,1.0,0.0,0.0,True,0.5,False,0.0,0.0,0.0,0.0,0.0,0.0,0.0,0.0,0.0,0.0,0.0,0.0,0.0,0.0,0.0,0.0,0.0,0.0,0.0,0.0,0.0
1655,11655.0,How many games have a composer who worked for the Creatures ?,4.0,1.0,1.0,1.0,11.0,http://dbpedia.org/resource/Creatures_(company),1.0,0.0,0.0,False,0.0,True,0.5,0.0,0.0,0.0,0.0,0.0,0.0,0.0,0.0,0.0,0.0,0.0,0.0,0.0,0.0,0.0,0.0,0.0,0.0,0.0,0.0
1662,11662.0,What is the ethicity of Ted Falon ?,2.0,1.0,1.0,0.0,7.0,http://dbpedia.org/resource/Ted_Failon,2.0,0.0,0.0,False,0.0,True,0.5,0.0,0.0,0.0,0.0,0.0,0.0,0.0,0.0,0.0,0.0,0.0,0.0,0.0,0.0,0.0,0.0,0.0,0.0,0.0,0.0
1673,11673.0,What are all the religions that have been followed by the Sir Lankan attorneys ?,3.0,2.0,1.0,0.0,14.0,http://dbpedia.org/resource/Attorneys_in_Sri_Lanka,2.0,0.0,0.0,False,0.0,True,0.5,0.0,0.0,0.0,0.0,0.0,0.0,0.0,0.0,0.0,0.0,0.0,0.0,0.0,0.0,0.0,0.0,0.0,0.0,0.0,0.0
1689,11689.0,Was True Grit a novel of the western genre ?,3.0,1.0,2.0,0.0,9.0,"http://dbpedia.org/resource/True_Grit_(novel),http://dbpedia.org/resource/Western_(genre)",0.0,1.5,0.0,False,0.0,True,0.5,0.0,0.0,0.0,0.0,0.0,0.0,0.0,0.0,0.0,0.0,0.0,0.0,0.0,0.0,0.0,0.0,0.0,0.0,0.0,0.0
1698,11698.0,Who made the singles on the famous album Aida ?,4.0,2.0,1.0,1.0,9.0,http://dbpedia.org/resource/Elton_John_and_Tim_Rice's_Aida,1.0,0.0,0.0,False,0.0,False,0.0,0.0,0.0,0.0,0.0,0.0,0.0,0.0,0.0,0.0,0.0,0.0,0.0,0.0,0.0,0.0,0.0,0.0,0.0,0.0,0.0
1717,11717.0,How many owners owned the clubs participating in the Premier leagues of '14 ?,3.0,1.0,1.0,0.0,13.0,http://dbpedia.org/resource/2014–15_Premier_League,2.0,0.0,0.5,False,0.0,True,0.5,0.0,0.0,0.0,0.0,0.0,0.0,0.0,0.0,0.0,0.0,0.0,0.0,0.0,0.0,0.0,0.0,0.0,0.0,0.0,0.0
1728,11728.0,Who directed The Haunted House ?,2.0,1.0,1.0,0.0,5.0,http://dbpedia.org/resource/The_Haunted_House_(1929_film),3.0,0.0,0.0,False,0.0,True,0.5,0.0,0.0,0.0,0.0,0.0,0.0,0.0,0.0,0.0,0.0,0.0,0.0,0.0,0.0,0.0,0.0,0.0,0.0,0.0,0.0
1740,11740.0,How many religions have the relatives of waxiangs followed ?,3.0,1.0,1.0,0.0,9.0,http://dbpedia.org/resource/Waxiang_people,0.0,0.0,0.0,False,0.0,True,0.5,0.0,0.0,0.0,0.0,0.0,0.0,0.0,0.0,0.0,0.0,0.0,0.0,0.0,0.0,0.0,0.0,0.0,0.0,0.0,0.0
1751,11751.0,What is the religion of the ones in the Kampuchean Union of Salvation ?,3.0,2.0,1.0,0.0,13.0,http://dbpedia.org/resource/Kampuchean_United_Front_for_National_Salvation,4.0,0.0,0.0,False,0.0,False,0.0,0.0,0.0,0.0,0.0,0.0,0.0,0.0,0.0,0.0,0.0,0.0,0.0,0.0,0.0,0.0,0.0,0.0,0.0,0.0,0.0
1769,11769.0,"Where did the genres originate, which were in the Harry and the Potters album ?",3.0,2.0,1.0,0.0,14.0,http://dbpedia.org/resource/Harry_and_the_Potters_(album),4.0,0.0,0.0,False,0.0,False,0.0,0.0,0.0,0.0,0.0,0.0,0.0,0.0,0.0,0.0,0.0,0.0,0.0,0.0,0.0,0.0,0.0,0.0,0.0,0.0,0.0
1800,11800.0,Josef Bhler belongs to which political party ?,2.0,1.0,1.0,0.0,7.0,http://dbpedia.org/resource/Josef_Bühler,2.0,0.0,0.0,False,0.0,True,0.5,0.0,0.0,0.0,0.0,0.0,0.0,0.0,0.0,0.0,0.0,0.0,0.0,0.0,0.0,0.0,0.0,0.0,0.0,0.0,0.0
1826,11826.0,Name the monarch of L Buwei ?,2.0,1.0,1.0,0.0,6.0,http://dbpedia.org/resource/Lü_Buwei,2.0,0.0,0.0,False,0.0,False,0.0,0.0,0.0,0.0,0.0,0.0,0.0,0.0,0.0,0.0,0.0,0.0,0.0,0.0,0.0,0.0,0.0,0.0,0.0,0.0,0.0
1844,11844.0,Count the different number of academic areas covered by publications of SAGE ?,3.0,1.0,1.0,0.0,12.0,http://dbpedia.org/resource/SAGE_Publications,2.0,0.0,0.0,False,0.0,False,0.0,0.0,0.0,0.0,0.0,0.0,0.0,0.0,0.0,0.0,0.0,0.0,0.0,0.0,0.0,0.0,0.0,0.0,0.0,0.0,0.0
1850,11850.0,What is the launch site of Aquarius (rocket) ?,2.0,1.0,1.0,0.0,8.0,http://dbpedia.org/resource/Aquarius_(rocket),2.0,0.0,0.5,True,0.5,True,0.5,0.0,0.0,0.0,0.0,0.0,0.0,0.0,0.0,0.0,0.0,0.0,0.0,0.0,0.0,0.0,0.0,0.0,0.0,0.0,0.0
1851,11851.0,List the magazines published by Playbow Enterprises ?,3.0,1.0,1.0,1.0,7.0,http://dbpedia.org/resource/Playboy_Enterprises,2.0,0.0,0.0,False,0.0,True,0.5,0.0,0.0,0.0,0.0,0.0,0.0,0.0,0.0,0.0,0.0,0.0,0.0,0.0,0.0,0.0,0.0,0.0,0.0,0.0,0.0
1858,11858.0,What are the awards won by the film editor of World of Tomorrow ?,3.0,2.0,1.0,0.0,13.0,http://dbpedia.org/resource/World_of_Tomorrow_(film),3.0,0.0,0.0,False,0.0,False,0.0,0.0,0.0,0.0,0.0,0.0,0.0,0.0,0.0,0.0,0.0,0.0,0.0,0.0,0.0,0.0,0.0,0.0,0.0,0.0,0.0
1883,11883.0,How many guests have been there on broadway ?,2.0,0.0,1.0,0.0,8.0,http://dbpedia.org/resource/On_Broadway_(Smash),2.0,0.0,0.0,False,0.0,False,0.0,0.0,0.0,0.0,0.0,0.0,0.0,0.0,0.0,0.0,0.0,0.0,0.0,0.0,0.0,0.0,0.0,0.0,0.0,0.0,0.0
1890,11890.0,How many companies have developed cross platformed softwares ?,3.0,1.0,1.0,0.0,8.0,http://dbpedia.org/resource/Cross-platform,0.0,0.0,0.0,False,0.0,True,0.5,0.0,0.0,0.0,0.0,0.0,0.0,0.0,0.0,0.0,0.0,0.0,0.0,0.0,0.0,0.0,0.0,0.0,0.0,0.0,0.0
1903,11903.0,How many different people have been in any political seat in places which are under the Indian Standard timezone ?,3.0,2.0,1.0,0.0,19.0,http://dbpedia.org/resource/Indian_Standard_Time,3.0,0.0,0.0,True,0.5,False,0.0,0.0,0.0,0.0,0.0,0.0,0.0,0.0,0.0,0.0,0.0,0.0,0.0,0.0,0.0,0.0,0.0,0.0,0.0,0.0,0.0
1905,11905.0,Give me the total number of lines owned by owner of Mwtro-Noth Railroad ?,3.0,1.0,1.0,0.0,13.0,http://dbpedia.org/resource/Metro-North_Railroad,2.0,0.0,0.5,False,0.0,True,0.5,0.0,0.0,0.0,0.0,0.0,0.0,0.0,0.0,0.0,0.0,0.0,0.0,0.0,0.0,0.0,0.0,0.0,0.0,0.0,0.0
1917,11917.0,Which rivers flow into the lower manhatten ?,2.0,1.0,1.0,0.0,7.0,http://dbpedia.org/resource/Lower_Manhattan,0.0,0.0,0.0,False,0.0,True,0.5,0.0,0.0,0.0,0.0,0.0,0.0,0.0,0.0,0.0,0.0,0.0,0.0,0.0,0.0,0.0,0.0,0.0,0.0,0.0,0.0
1930,11930.0,Where is the mouth of the river whose tributary is Bjelimi��ka  Rijeka ?,3.0,2.0,1.0,0.0,12.0,http://dbpedia.org/resource/Bjelimićka_Rijeka,2.0,0.0,0.0,False,0.0,True,0.5,0.0,0.0,0.0,0.0,0.0,0.0,0.0,0.0,0.0,0.0,0.0,0.0,0.0,0.0,0.0,0.0,0.0,0.0,0.0,0.0
2006,12006.0,Which country were the people from who became famous for the Ramon Mangsaysay Award ?,4.0,2.0,1.0,1.0,14.0,http://dbpedia.org/resource/Ramon_Magsaysay_Award,0.0,0.0,0.0,False,0.0,True,0.5,0.0,0.0,0.0,0.0,0.0,0.0,0.0,0.0,0.0,0.0,0.0,0.0,0.0,0.0,0.0,0.0,0.0,0.0,0.0,0.0
2033,12033.0,Count the number of artist whose pone of the field is writing ?,3.0,2.0,1.0,0.0,12.0,http://dbpedia.org/resource/Writing,1.0,0.0,0.0,True,0.5,False,0.0,0.0,0.0,0.0,0.0,0.0,0.0,0.0,0.0,0.0,0.0,0.0,0.0,0.0,0.0,0.0,0.0,0.0,0.0,0.0,0.0
2055,12055.0,"Over how many cities did the Bellaton MMA, Season 11 take place ?",2.0,0.0,1.0,0.0,12.0,http://dbpedia.org/resource/Bellator_MMA:_Season_Eleven,0.0,0.0,0.0,False,0.0,True,0.5,0.0,0.0,0.0,0.0,0.0,0.0,0.0,0.0,0.0,0.0,0.0,0.0,0.0,0.0,0.0,0.0,0.0,0.0,0.0,0.0
2115,12115.0,where is the thorington train station located ?,2.0,1.0,1.0,0.0,7.0,http://dbpedia.org/resource/Thorington_railway_station,2.0,0.0,0.0,False,0.0,False,0.0,0.0,0.0,0.0,0.0,0.0,0.0,0.0,0.0,0.0,0.0,0.0,0.0,0.0,0.0,0.0,0.0,0.0,0.0,0.0,0.0
2122,12122.0,Whose military unit is 39th infantry regiment in 1812 ?,2.0,1.0,1.0,0.0,9.0,http://dbpedia.org/resource/39th_Infantry_Regiment_(War_of_1812),3.0,0.0,0.5,False,0.0,False,0.0,0.0,0.0,0.0,0.0,0.0,0.0,0.0,0.0,0.0,0.0,0.0,0.0,0.0,0.0,0.0,0.0,0.0,0.0,0.0,0.0
2139,12139.0,Name the team manger of Middlebrough F.C season 2006-07 ?,2.0,1.0,1.0,0.0,9.0,http://dbpedia.org/resource/2006–07_Middlesbrough_F.C._season,1.0,0.0,0.5,False,0.0,True,0.5,0.0,0.0,0.0,0.0,0.0,0.0,0.0,0.0,0.0,0.0,0.0,0.0,0.0,0.0,0.0,0.0,0.0,0.0,0.0,0.0
2199,12199.0,"The sports team which played at the American Basketball League championship (1996-1998), have which stadiums ?",4.0,2.0,1.0,1.0,15.0,http://dbpedia.org/resource/American_Basketball_League_(1996–98),3.0,0.0,0.0,False,0.0,True,0.5,0.0,0.0,0.0,0.0,0.0,0.0,0.0,0.0,0.0,0.0,0.0,0.0,0.0,0.0,0.0,0.0,0.0,0.0,0.0,0.0
2200,12200.0,Who wrote the musical whose composer is Emil Dean Zoghby ?,4.0,2.0,1.0,1.0,10.0,http://dbpedia.org/resource/Emil_Dean_Zoghby,3.0,0.0,0.0,True,0.5,True,0.5,0.0,0.0,0.0,0.0,0.0,0.0,0.0,0.0,0.0,0.0,0.0,0.0,0.0,0.0,0.0,0.0,0.0,0.0,0.0,0.0
2201,12201.0,Where did the conflict take place where Louis Briere de I'Isle was a commander ?,4.0,2.0,1.0,1.0,14.0,http://dbpedia.org/resource/Louis_Brière_de_l'Isle,2.0,0.0,0.0,False,0.0,True,0.5,0.0,0.0,0.0,0.0,0.0,0.0,0.0,0.0,0.0,0.0,0.0,0.0,0.0,0.0,0.0,0.0,0.0,0.0,0.0,0.0
2238,12238.0,How many apes are there ?,2.0,1.0,1.0,0.0,5.0,http://dbpedia.org/resource/Ape,1.0,0.0,0.0,True,0.5,False,0.0,0.0,0.0,0.0,0.0,0.0,0.0,0.0,0.0,0.0,0.0,0.0,0.0,0.0,0.0,0.0,0.0,0.0,0.0,0.0,0.0
2257,12257.0,List the  outflow of Lake Uniamsi ?,2.0,1.0,1.0,0.0,6.0,http://dbpedia.org/resource/Lake_Uniamési,2.0,0.0,0.0,False,0.0,True,0.5,0.0,0.0,0.0,0.0,0.0,0.0,0.0,0.0,0.0,0.0,0.0,0.0,0.0,0.0,0.0,0.0,0.0,0.0,0.0,0.0
2262,12262.0,What are on the borders of Shimsa Plateau ?,2.0,1.0,1.0,0.0,8.0,http://dbpedia.org/resource/Shimōsa_Plateau,2.0,0.0,0.0,False,0.0,True,0.5,0.0,0.0,0.0,0.0,0.0,0.0,0.0,0.0,0.0,0.0,0.0,0.0,0.0,0.0,0.0,0.0,0.0,0.0,0.0,0.0
2280,12280.0,Who is the  distributor of Rev (drink) ?,2.0,1.0,1.0,0.0,7.0,http://dbpedia.org/resource/Rev_(drink),2.0,0.0,0.5,True,0.5,True,0.5,0.0,0.0,0.0,0.0,0.0,0.0,0.0,0.0,0.0,0.0,0.0,0.0,0.0,0.0,0.0,0.0,0.0,0.0,0.0,0.0
2360,12360.0,What developed EMMS ?,2.0,1.0,1.0,0.0,3.0,http://dbpedia.org/resource/EMMS,1.0,0.0,0.0,True,0.5,True,0.5,0.0,0.0,0.0,0.0,0.0,0.0,0.0,0.0,0.0,0.0,0.0,0.0,0.0,0.0,0.0,0.0,0.0,0.0,0.0,0.0
2364,12364.0,How many companies were started in the states ?,3.0,1.0,1.0,1.0,8.0,http://dbpedia.org/resource/United_States,1.0,0.0,0.0,False,0.0,False,0.0,0.0,0.0,0.0,0.0,0.0,0.0,0.0,0.0,0.0,0.0,0.0,0.0,0.0,0.0,0.0,0.0,0.0,0.0,0.0,0.0
2377,12377.0,WHo gave the lyrcis of Doonesbury ?,2.0,1.0,1.0,0.0,6.0,http://dbpedia.org/resource/Doonesbury_(musical),1.0,0.0,0.0,False,0.0,True,0.5,0.0,0.0,0.0,0.0,0.0,0.0,0.0,0.0,0.0,0.0,0.0,0.0,0.0,0.0,0.0,0.0,0.0,0.0,0.0,0.0
2386,12386.0,Tell me the total number of organizations who maintain the bridges made by the malaysian PWD ?,4.0,1.0,1.0,1.0,16.0,http://dbpedia.org/resource/Malaysian_Public_Works_Department,1.0,0.0,0.0,False,0.0,False,0.0,0.0,0.0,0.0,0.0,0.0,0.0,0.0,0.0,0.0,0.0,0.0,0.0,0.0,0.0,0.0,0.0,0.0,0.0,0.0,0.0
2400,12400.0,What are the regions in which the distributor of Secrets and Lies serves ?,3.0,2.0,1.0,0.0,13.0,http://dbpedia.org/resource/Secrets_and_Lies_(U.S._TV_series),3.0,0.0,0.0,False,0.0,False,0.0,0.0,0.0,0.0,0.0,0.0,0.0,0.0,0.0,0.0,0.0,0.0,0.0,0.0,0.0,0.0,0.0,0.0,0.0,0.0,0.0
2423,12423.0,Which person designed the cars which has been designed by ASC Creative Services ?,4.0,2.0,1.0,1.0,13.0,http://dbpedia.org/resource/ASC_Creative_Services,3.0,0.0,0.0,True,0.5,True,0.5,0.0,0.0,0.0,0.0,0.0,0.0,0.0,0.0,0.0,0.0,0.0,0.0,0.0,0.0,0.0,0.0,0.0,0.0,0.0,0.0
2435,12435.0,Which tenants of the Master Card center is also th draft team of Sam Carrrick ?,4.0,1.0,2.0,0.0,15.0,"http://dbpedia.org/resource/MasterCard_Centre,http://dbpedia.org/resource/Sam_Carrick",0.0,2.5,0.0,False,0.5,False,0.5,0.0,0.0,0.0,0.0,0.0,0.0,0.0,0.0,0.0,0.0,0.0,0.0,0.0,0.0,0.0,0.0,0.0,0.0,0.0,0.0
2469,12469.0,What is the affiliation of tani University ?,2.0,1.0,0.0,0.0,7.0,http://dbpedia.org/resource/Ōtani_University,2.0,0.0,0.0,False,0.0,False,0.0,0.0,0.0,0.0,0.0,0.0,0.0,0.0,0.0,0.0,0.0,0.0,0.0,0.0,0.0,0.0,0.0,0.0,0.0,0.0,0.0
2488,12488.0,what kind of games can I find for PC 9800 ?,4.0,2.0,1.0,1.0,10.0,http://dbpedia.org/resource/PC-9800_Series,1.0,0.0,0.5,False,0.0,True,0.5,0.0,0.0,0.0,0.0,0.0,0.0,0.0,0.0,0.0,0.0,0.0,0.0,0.0,0.0,0.0,0.0,0.0,0.0,0.0,0.0
2489,12489.0,List the director of The Adventures of mimi ?,2.0,1.0,1.0,0.0,8.0,http://dbpedia.org/resource/The_Adventures_of_Mimi_(video),4.0,0.0,0.0,False,0.0,False,0.0,0.0,0.0,0.0,0.0,0.0,0.0,0.0,0.0,0.0,0.0,0.0,0.0,0.0,0.0,0.0,0.0,0.0,0.0,0.0,0.0
2491,12491.0,List the home stadiums of the teams in the Russian Premier League ?,3.0,2.0,1.0,0.0,12.0,http://dbpedia.org/resource/2011–12_Russian_Premier_League,3.0,0.0,0.0,False,0.0,True,0.5,0.0,0.0,0.0,0.0,0.0,0.0,0.0,0.0,0.0,0.0,0.0,0.0,0.0,0.0,0.0,0.0,0.0,0.0,0.0,0.0
2500,12500.0,what region is governed by Mario Olivero ?,2.0,1.0,1.0,0.0,7.0,http://dbpedia.org/resource/Mario_Oliverio,2.0,0.0,0.0,False,0.0,True,0.5,0.0,0.0,0.0,0.0,0.0,0.0,0.0,0.0,0.0,0.0,0.0,0.0,0.0,0.0,0.0,0.0,0.0,0.0,0.0,0.0
2511,12511.0,What is the POD of the successor of Pmare I ?,3.0,2.0,1.0,0.0,10.0,http://dbpedia.org/resource/Pōmare_I,0.0,0.0,0.0,False,0.0,True,0.5,0.0,0.0,0.0,0.0,0.0,0.0,0.0,0.0,0.0,0.0,0.0,0.0,0.0,0.0,0.0,0.0,0.0,0.0,0.0,0.0
2517,12517.0,Where is Oskar Blues located ?,2.0,1.0,1.0,0.0,5.0,http://dbpedia.org/resource/Oskar_Blues_Brewery,2.0,0.0,0.0,False,0.0,True,0.5,0.0,0.0,0.0,0.0,0.0,0.0,0.0,0.0,0.0,0.0,0.0,0.0,0.0,0.0,0.0,0.0,0.0,0.0,0.0,0.0
2532,12532.0,List the broadcast area of the TV stations which also serves in Agalga ?,3.0,2.0,1.0,0.0,13.0,http://dbpedia.org/resource/Agaléga,1.0,0.0,0.0,False,0.0,True,0.5,0.0,0.0,0.0,0.0,0.0,0.0,0.0,0.0,0.0,0.0,0.0,0.0,0.0,0.0,0.0,0.0,0.0,0.0,0.0,0.0
2534,12534.0,In which countries have models hanged themselves ?,4.0,2.0,1.0,1.0,7.0,http://dbpedia.org/resource/Suicide_by_hanging,2.0,0.0,0.0,False,0.0,False,0.0,0.0,0.0,0.0,0.0,0.0,0.0,0.0,0.0,0.0,0.0,0.0,0.0,0.0,0.0,0.0,0.0,0.0,0.0,0.0,0.0
2538,12538.0,What band made The trial and One of these days song ?,4.0,2.0,2.0,0.0,11.0,"http://dbpedia.org/resource/The_Trial_(song),http://dbpedia.org/resource/One_of_These_Days_(instrumental)",0.0,3.0,0.0,False,0.0,False,0.0,0.0,0.0,0.0,0.0,0.0,0.0,0.0,0.0,0.0,0.0,0.0,0.0,0.0,0.0,0.0,0.0,0.0,0.0,0.0,0.0
2567,12567.0,"What shows used to air on the channel which was earlier known as ""The Comedy Central"" ?",4.0,2.0,1.0,1.0,16.0,http://dbpedia.org/resource/The_Comedy_Channel_(United_States),2.0,0.0,0.0,False,0.0,False,0.0,0.0,0.0,0.0,0.0,0.0,0.0,0.0,0.0,0.0,0.0,0.0,0.0,0.0,0.0,0.0,0.0,0.0,0.0,0.0,0.0
2572,12572.0,Which city's teams have been coached by Gary Kubaik ?,4.0,2.0,1.0,1.0,9.0,http://dbpedia.org/resource/Gary_Kubiak,2.0,0.0,0.0,False,0.0,True,0.5,0.0,0.0,0.0,0.0,0.0,0.0,0.0,0.0,0.0,0.0,0.0,0.0,0.0,0.0,0.0,0.0,0.0,0.0,0.0,0.0
2581,12581.0,Who is married to Tony Ramo ?,2.0,1.0,1.0,0.0,6.0,http://dbpedia.org/resource/Tony_Romo,2.0,0.0,0.0,False,0.0,True,0.5,0.0,0.0,0.0,0.0,0.0,0.0,0.0,0.0,0.0,0.0,0.0,0.0,0.0,0.0,0.0,0.0,0.0,0.0,0.0,0.0
2668,12668.0,Saores de costa built a bridge over which river ?,4.0,2.0,1.0,1.0,9.0,http://dbpedia.org/resource/Soares_da_Costa,1.0,0.0,0.0,False,0.0,False,0.0,0.0,0.0,0.0,0.0,0.0,0.0,0.0,0.0,0.0,0.0,0.0,0.0,0.0,0.0,0.0,0.0,0.0,0.0,0.0,0.0
2674,12674.0,List some people who were opponents of someone who was died by hanging ?,4.0,2.0,1.0,1.0,13.0,http://dbpedia.org/resource/Hanging,1.0,0.0,0.0,True,0.5,False,0.0,0.0,0.0,0.0,0.0,0.0,0.0,0.0,0.0,0.0,0.0,0.0,0.0,0.0,0.0,0.0,0.0,0.0,0.0,0.0,0.0
2707,12707.0,"List some teams for which someone who has played as a defender, now plays ?",3.0,2.0,1.0,0.0,14.0,http://dbpedia.org/resource/Defenceman,1.0,0.0,0.0,False,0.0,False,0.0,0.0,0.0,0.0,0.0,0.0,0.0,0.0,0.0,0.0,0.0,0.0,0.0,0.0,0.0,0.0,0.0,0.0,0.0,0.0,0.0
2732,12732.0,"Who is the producer of album, which has the song Eclipse ?",4.0,2.0,1.0,1.0,11.0,http://dbpedia.org/resource/Eclipse_(song),1.0,0.0,0.0,False,0.0,True,0.5,0.0,0.0,0.0,0.0,0.0,0.0,0.0,0.0,0.0,0.0,0.0,0.0,0.0,0.0,0.0,0.0,0.0,0.0,0.0,0.0
2740,12740.0,Who have rented the stadium operated by Maple Leaf S&E ?,4.0,2.0,1.0,1.0,10.0,http://dbpedia.org/resource/Maple_Leaf_Sports_&_Entertainment,1.0,0.0,0.0,False,0.0,False,0.0,0.0,0.0,0.0,0.0,0.0,0.0,0.0,0.0,0.0,0.0,0.0,0.0,0.0,0.0,0.0,0.0,0.0,0.0,0.0,0.0
2741,12741.0,Who composed songs in the Mr Tambourine Man album ?,4.0,2.0,1.0,1.0,9.0,http://dbpedia.org/resource/Mr._Tambourine_Man_(album),3.0,0.0,0.0,False,0.0,False,0.0,0.0,0.0,0.0,0.0,0.0,0.0,0.0,0.0,0.0,0.0,0.0,0.0,0.0,0.0,0.0,0.0,0.0,0.0,0.0,0.0
2754,12754.0,List the driver of SA MArino Grand Prix is also the Pole driver of Canadian Grand Proix ?,4.0,2.0,2.0,0.0,17.0,"http://dbpedia.org/resource/1999_San_Marino_Grand_Prix,http://dbpedia.org/resource/1997_Canadian_Grand_Prix",0.0,2.0,0.0,False,0.0,False,0.0,0.0,0.0,0.0,0.0,0.0,0.0,0.0,0.0,0.0,0.0,0.0,0.0,0.0,0.0,0.0,0.0,0.0,0.0,0.0,0.0
2762,12762.0,What is the city nearest to the historic place whose architect is Joseph Dion ?,4.0,2.0,1.0,1.0,14.0,http://dbpedia.org/resource/Joseph_Dion,2.0,0.0,0.0,True,0.5,True,0.5,0.0,0.0,0.0,0.0,0.0,0.0,0.0,0.0,0.0,0.0,0.0,0.0,0.0,0.0,0.0,0.0,0.0,0.0,0.0,0.0
2763,12763.0,Where do the stockholders of Pathaninaikos F.C. live ?,3.0,2.0,1.0,0.0,8.0,http://dbpedia.org/resource/Panathinaikos_F.C.,2.0,0.0,0.5,False,0.0,True,0.5,0.0,0.0,0.0,0.0,0.0,0.0,0.0,0.0,0.0,0.0,0.0,0.0,0.0,0.0,0.0,0.0,0.0,0.0,0.0,0.0
2773,12773.0,Name the commanders of military conflicts where Roundhead was one of the commander ?,4.0,2.0,1.0,1.0,13.0,http://dbpedia.org/resource/Roundhead_(Wyandot),1.0,0.0,0.0,False,0.0,True,0.5,0.0,0.0,0.0,0.0,0.0,0.0,0.0,0.0,0.0,0.0,0.0,0.0,0.0,0.0,0.0,0.0,0.0,0.0,0.0,0.0
2806,12806.0,in which movies have momoki kochi acted ?,2.0,1.0,1.0,0.0,7.0,http://dbpedia.org/resource/Momoko_Kōchi,0.0,0.0,0.0,False,0.0,True,0.5,0.0,0.0,0.0,0.0,0.0,0.0,0.0,0.0,0.0,0.0,0.0,0.0,0.0,0.0,0.0,0.0,0.0,0.0,0.0,0.0
2850,12850.0,"What religion do the politicians follow, who graduated from the Yokkohama Nationaal University ?",4.0,2.0,1.0,1.0,13.0,http://dbpedia.org/resource/Yokohama_National_University,3.0,0.0,0.0,False,0.0,True,0.5,0.0,0.0,0.0,0.0,0.0,0.0,0.0,0.0,0.0,0.0,0.0,0.0,0.0,0.0,0.0,0.0,0.0,0.0,0.0,0.0
2855,12855.0,Where did the beverages sold by Refriango originate ?,4.0,2.0,1.0,1.0,8.0,http://dbpedia.org/resource/Refriango,1.0,0.0,0.0,True,0.5,True,0.5,0.0,0.0,0.0,0.0,0.0,0.0,0.0,0.0,0.0,0.0,0.0,0.0,0.0,0.0,0.0,0.0,0.0,0.0,0.0,0.0
2867,12867.0,Who holds shares in something famous for the Seven Spring Mountain Resort ?,3.0,2.0,1.0,0.0,12.0,http://dbpedia.org/resource/Seven_Springs_Mountain_Resort,4.0,0.0,0.0,False,0.0,False,0.0,0.0,0.0,0.0,0.0,0.0,0.0,0.0,0.0,0.0,0.0,0.0,0.0,0.0,0.0,0.0,0.0,0.0,0.0,0.0,0.0
2889,12889.0,Martin AN/GSG-5 is a part of the building in which city ?,4.0,2.0,1.0,1.0,11.0,http://dbpedia.org/resource/Martin_AN/GSG-5_Battery_Integration_and_Radar_Display_Equipment,0.0,0.0,0.0,0.0,0.0,0.0,0.0,0.0,0.0,0.0,0.0,0.0,0.0,0.0,0.0,0.0,0.0,0.0,0.0,0.0,0.0,0.0,0.0,0.0,0.0,0.0,0.0
2918,12918.0,Name the rivers in the hudson highlands state parts ?,2.0,1.0,1.0,0.0,9.0,http://dbpedia.org/resource/Hudson_Highlands_State_Park,4.0,0.0,0.0,False,0.0,False,0.0,0.0,0.0,0.0,0.0,0.0,0.0,0.0,0.0,0.0,0.0,0.0,0.0,0.0,0.0,0.0,0.0,0.0,0.0,0.0,0.0
2921,12921.0,Where was the engineer born who manufactured EP R.E.P. 1 ?,3.0,2.0,1.0,0.0,10.0,http://dbpedia.org/resource/Esnault-Pelterie_R.E.P._1,1.0,0.0,0.5,False,0.0,True,0.5,0.0,0.0,0.0,0.0,0.0,0.0,0.0,0.0,0.0,0.0,0.0,0.0,0.0,0.0,0.0,0.0,0.0,0.0,0.0,0.0
2935,12935.0,Who is married to Gerard Piqu ?,2.0,1.0,1.0,0.0,6.0,http://dbpedia.org/resource/Gerard_Piqué,2.0,0.0,0.5,False,0.0,True,0.5,0.0,0.0,0.0,0.0,0.0,0.0,0.0,0.0,0.0,0.0,0.0,0.0,0.0,0.0,0.0,0.0,0.0,0.0,0.0,0.0
2936,12936.0,Which artist was taught by Jos Ruiz y Blasco ?,3.0,1.0,1.0,1.0,9.0,http://dbpedia.org/resource/José_Ruiz_y_Blasco,4.0,0.0,0.0,False,0.0,False,0.0,0.0,0.0,0.0,0.0,0.0,0.0,0.0,0.0,0.0,0.0,0.0,0.0,0.0,0.0,0.0,0.0,0.0,0.0,0.0,0.0
2950,12950.0,In which countries are there banks which came after the National Commercial Bank of Mauritius ?,4.0,2.0,1.0,1.0,15.0,http://dbpedia.org/resource/National_Commercial_Bank_Mauritius,5.0,0.0,0.0,False,0.0,False,0.0,0.0,0.0,0.0,0.0,0.0,0.0,0.0,0.0,0.0,0.0,0.0,0.0,0.0,0.0,0.0,0.0,0.0,0.0,0.0,0.0
2953,12953.0,What is the mascot of the rival school of Sullivan Central High ?,3.0,2.0,1.0,0.0,12.0,http://dbpedia.org/resource/Sullivan_Central_High_School,3.0,0.0,0.0,False,0.0,True,0.5,0.0,0.0,0.0,0.0,0.0,0.0,0.0,0.0,0.0,0.0,0.0,0.0,0.0,0.0,0.0,0.0,0.0,0.0,0.0,0.0
2959,12959.0,Who is the producer of album which has the song Money ?,3.0,2.0,1.0,0.0,11.0,http://dbpedia.org/resource/Money_(Pink_Floyd_song),1.0,0.0,0.0,False,0.0,True,0.5,0.0,0.0,0.0,0.0,0.0,0.0,0.0,0.0,0.0,0.0,0.0,0.0,0.0,0.0,0.0,0.0,0.0,0.0,0.0,0.0
2963,12963.0,Give me the list of cars which are the predecessor of Full Sized Cars ?,4.0,2.0,1.0,1.0,14.0,http://dbpedia.org/resource/Full-size_car,1.0,0.0,0.0,False,0.0,False,0.0,0.0,0.0,0.0,0.0,0.0,0.0,0.0,0.0,0.0,0.0,0.0,0.0,0.0,0.0,0.0,0.0,0.0,0.0,0.0,0.0
2967,12967.0,Who developed games based on the Cars series ?,4.0,2.0,1.0,1.0,8.0,http://dbpedia.org/resource/Cars_(film),1.0,0.0,0.0,False,0.0,True,0.5,0.0,0.0,0.0,0.0,0.0,0.0,0.0,0.0,0.0,0.0,0.0,0.0,0.0,0.0,0.0,0.0,0.0,0.0,0.0,0.0
2994,12994.0,Who composed the lyrics of Holler If Ya Hear Me ?,2.0,1.0,1.0,0.0,10.0,http://dbpedia.org/resource/Holler_If_Ya_Hear_Me_(musical),5.0,0.0,0.0,False,0.0,True,0.5,0.0,0.0,0.0,0.0,0.0,0.0,0.0,0.0,0.0,0.0,0.0,0.0,0.0,0.0,0.0,0.0,0.0,0.0,0.0,0.0
3003,13003.0,Name the actors of the TV show which has an episode named The Five ?,4.0,2.0,1.0,1.0,14.0,http://dbpedia.org/resource/The_Five_(The_Vampire_Diaries),2.0,0.0,0.0,False,0.0,True,0.5,0.0,0.0,0.0,0.0,0.0,0.0,0.0,0.0,0.0,0.0,0.0,0.0,0.0,0.0,0.0,0.0,0.0,0.0,0.0,0.0
3004,13004.0,What are the former team of the american football players who played at gridiron football position ?,4.0,2.0,1.0,1.0,16.0,http://dbpedia.org/resource/Tackle_(gridiron_football_position),3.0,0.0,0.0,False,0.0,False,0.0,0.0,0.0,0.0,0.0,0.0,0.0,0.0,0.0,0.0,0.0,0.0,0.0,0.0,0.0,0.0,0.0,0.0,0.0,0.0,0.0
3007,13007.0,What is the citizenship of Ren Romano ?,2.0,1.0,1.0,0.0,7.0,http://dbpedia.org/resource/René_Romano,2.0,0.0,0.0,False,0.0,True,0.5,0.0,0.0,0.0,0.0,0.0,0.0,0.0,0.0,0.0,0.0,0.0,0.0,0.0,0.0,0.0,0.0,0.0,0.0,0.0,0.0
3013,13013.0,List the film starring of the movies whose editor is Harvey  Rosenstock ?,4.0,2.0,1.0,1.0,12.0,http://dbpedia.org/resource/Harvey_Rosenstock,2.0,0.0,0.0,True,0.5,True,0.5,0.0,0.0,0.0,0.0,0.0,0.0,0.0,0.0,0.0,0.0,0.0,0.0,0.0,0.0,0.0,0.0,0.0,0.0,0.0,0.0
3019,13019.0,Who is the meaning of Isa ?,2.0,1.0,1.0,0.0,6.0,http://dbpedia.org/resource/Isa_(name),1.0,0.0,0.0,False,0.0,True,0.5,0.0,0.0,0.0,0.0,0.0,0.0,0.0,0.0,0.0,0.0,0.0,0.0,0.0,0.0,0.0,0.0,0.0,0.0,0.0,0.0
3048,13048.0,Into which water bodies does Lake Uniamsi outflow ?,2.0,1.0,1.0,0.0,8.0,http://dbpedia.org/resource/Lake_Uniamési,2.0,0.0,0.0,False,0.0,True,0.5,0.0,0.0,0.0,0.0,0.0,0.0,0.0,0.0,0.0,0.0,0.0,0.0,0.0,0.0,0.0,0.0,0.0,0.0,0.0,0.0
3051,13051.0,Where did chancellor served by Rudolf Kirchschlger die ?,3.0,2.0,1.0,0.0,8.0,http://dbpedia.org/resource/Rudolf_Kirchschläger,2.0,0.0,0.0,False,0.0,True,0.5,0.0,0.0,0.0,0.0,0.0,0.0,0.0,0.0,0.0,0.0,0.0,0.0,0.0,0.0,0.0,0.0,0.0,0.0,0.0,0.0
3058,13058.0,Horses sired by Karinga Bay have participated in which races ?,4.0,2.0,1.0,1.0,10.0,http://dbpedia.org/resource/Karinga_Bay,2.0,0.0,0.0,True,0.5,True,0.5,0.0,0.0,0.0,0.0,0.0,0.0,0.0,0.0,0.0,0.0,0.0,0.0,0.0,0.0,0.0,0.0,0.0,0.0,0.0,0.0
3059,13059.0,"What is the radio show created by Timoteo Jeffries, about ?",4.0,2.0,1.0,1.0,10.0,http://dbpedia.org/resource/Timoteo_Jeffries,2.0,0.0,0.0,True,0.5,True,0.5,0.0,0.0,0.0,0.0,0.0,0.0,0.0,0.0,0.0,0.0,0.0,0.0,0.0,0.0,0.0,0.0,0.0,0.0,0.0,0.0
3069,13069.0,Who is the distributer of Rev ?,2.0,1.0,1.0,0.0,6.0,http://dbpedia.org/resource/Rev_(drink),1.0,0.0,0.0,False,0.0,True,0.5,0.0,0.0,0.0,0.0,0.0,0.0,0.0,0.0,0.0,0.0,0.0,0.0,0.0,0.0,0.0,0.0,0.0,0.0,0.0,0.0
3073,13073.0,Which animator of Tommy Ticker's Tooth is also the director of The Haunted house ?,4.0,2.0,2.0,0.0,14.0,"http://dbpedia.org/resource/Tommy_Tucker's_Tooth,http://dbpedia.org/resource/The_Haunted_House_(1929_film)",0.0,1.5,0.0,False,0.0,True,0.5,0.0,0.0,0.0,0.0,0.0,0.0,0.0,0.0,0.0,0.0,0.0,0.0,0.0,0.0,0.0,0.0,0.0,0.0,0.0,0.0
3078,13078.0,What is the address of Federal Reserve Bank Building ?,2.0,1.0,1.0,0.0,9.0,http://dbpedia.org/resource/Federal_Reserve_Bank_Building_(Seattle),4.0,0.0,0.0,False,0.0,True,0.5,0.0,0.0,0.0,0.0,0.0,0.0,0.0,0.0,0.0,0.0,0.0,0.0,0.0,0.0,0.0,0.0,0.0,0.0,0.0,0.0
3093,13093.0,Race horses whose grandsire is Wild  Risk have taken part in which races ?,4.0,2.0,1.0,1.0,13.0,http://dbpedia.org/resource/Wild_Risk,2.0,0.0,0.0,True,0.5,False,0.0,0.0,0.0,0.0,0.0,0.0,0.0,0.0,0.0,0.0,0.0,0.0,0.0,0.0,0.0,0.0,0.0,0.0,0.0,0.0,0.0
3111,13111.0,Who is the artist of Time Radio hour ?,2.0,1.0,1.0,0.0,8.0,http://dbpedia.org/resource/Theme_Time_Radio_Hour,4.0,0.0,0.0,False,0.0,False,0.0,0.0,0.0,0.0,0.0,0.0,0.0,0.0,0.0,0.0,0.0,0.0,0.0,0.0,0.0,0.0,0.0,0.0,0.0,0.0,0.0
3115,13115.0,Which currency is used by the record label of the Way to Your Heart ?,3.0,2.0,1.0,0.0,14.0,http://dbpedia.org/resource/The_Way_to_Your_Heart,5.0,0.0,0.0,True,0.5,False,0.0,0.0,0.0,0.0,0.0,0.0,0.0,0.0,0.0,0.0,0.0,0.0,0.0,0.0,0.0,0.0,0.0,0.0,0.0,0.0,0.0
3122,13122.0,List the websites which the authors of Tornado own ?,3.0,2.0,1.0,0.0,9.0,http://dbpedia.org/resource/Tornado_(web_server),1.0,0.0,0.0,False,0.0,True,0.5,0.0,0.0,0.0,0.0,0.0,0.0,0.0,0.0,0.0,0.0,0.0,0.0,0.0,0.0,0.0,0.0,0.0,0.0,0.0,0.0
3124,13124.0,In which country does the publishing house exist which was cofounded by Panos Loannides ?,4.0,2.0,1.0,1.0,14.0,http://dbpedia.org/resource/Panos_Ioannides,2.0,0.0,0.0,False,0.0,True,0.5,0.0,0.0,0.0,0.0,0.0,0.0,0.0,0.0,0.0,0.0,0.0,0.0,0.0,0.0,0.0,0.0,0.0,0.0,0.0,0.0
3131,13131.0,List all the school of the rugby player whose one of the school is Michael House ?,4.0,2.0,1.0,1.0,16.0,http://dbpedia.org/resource/Michaelhouse,2.0,0.0,0.0,False,0.0,False,0.0,0.0,0.0,0.0,0.0,0.0,0.0,0.0,0.0,0.0,0.0,0.0,0.0,0.0,0.0,0.0,0.0,0.0,0.0,0.0,0.0
3132,13132.0,Where did the spouse of pmare ii die ?,3.0,2.0,1.0,0.0,8.0,http://dbpedia.org/resource/Pōmare_II,0.0,0.0,0.0,False,0.0,True,0.5,0.0,0.0,0.0,0.0,0.0,0.0,0.0,0.0,0.0,0.0,0.0,0.0,0.0,0.0,0.0,0.0,0.0,0.0,0.0,0.0
3150,13150.0,In which races did the horses of Mon Capitaine take part ?,4.0,2.0,1.0,1.0,11.0,http://dbpedia.org/resource/Mon_Capitaine,2.0,0.0,0.0,True,0.5,True,0.5,0.0,0.0,0.0,0.0,0.0,0.0,0.0,0.0,0.0,0.0,0.0,0.0,0.0,0.0,0.0,0.0,0.0,0.0,0.0,0.0
3174,13174.0,Which movies did Mark Steven edit ?,3.0,1.0,1.0,1.0,6.0,http://dbpedia.org/resource/Mark_Stevens_(film_editor),2.0,0.0,0.0,False,0.0,True,0.5,0.0,0.0,0.0,0.0,0.0,0.0,0.0,0.0,0.0,0.0,0.0,0.0,0.0,0.0,0.0,0.0,0.0,0.0,0.0,0.0
3201,13201.0,"In which teams did anyone who played as a defencemen, play previously ?",3.0,2.0,1.0,0.0,12.0,http://dbpedia.org/resource/Defenceman,1.0,0.0,0.0,False,0.0,False,0.0,0.0,0.0,0.0,0.0,0.0,0.0,0.0,0.0,0.0,0.0,0.0,0.0,0.0,0.0,0.0,0.0,0.0,0.0,0.0,0.0
3246,13246.0,Who starred in Awakening and fifety five days at peknig ?,4.0,2.0,2.0,0.0,10.0,"http://dbpedia.org/resource/The_Awakening_(1980_film),http://dbpedia.org/resource/55_Days_at_Peking",0.0,0.5,0.0,False,0.0,False,0.5,0.0,0.0,0.0,0.0,0.0,0.0,0.0,0.0,0.0,0.0,0.0,0.0,0.0,0.0,0.0,0.0,0.0,0.0,0.0,0.0
